,fips,objectid,id,acstotpop,acsipovbas,acseducbas,acstothh,acstothu,minorpop,minorpct,lowincome,lowincpct,lesshs,lesshspct,under5,under5pct,over64,over64pct,pre1960,pre1960pct,vuleopct,vuleo,dispeo,dslpm,cancer,resp,ptraf,pwdis,pnpl,prmp,ptsdf,ozone,pm25,state_name,region,arealand,areawater,npl_cnt,tsdf_cnt,shape_length,shape_area
1,37001,143210,3.7001E+11,1421.026549,1381.929204,956.0265487,566.8938053,617.2477876,503.2123894,0.366387843,549.8672566,0.417440188,138.3097345,0.161063368,82.71681416,0.055347973,232.8053097,0.177105184,149.3982301,0.269171244,0.391914015,535.9211859,32.59198339,0.316529769,34.59307725,0.457659195,NA,NA,0.018487268,0.466510754,1.087132712,43.45316145,8.29733703,NA,4,9705172.027,247718.3097,0,0.10619469,16632.47246,15255287.41
2,37003,143278.5,3.7003E+11,1546.625,1489.5,1113.583333,571.75,683.2916667,203.0833333,0.134805579,582.7916667,0.387996225,205.1666667,0.195211051,75.91666667,0.050132256,295.375,0.197835011,98.83333333,0.152045574,0.261400902,405.867102,-141.9492133,0.172803039,30.84474818,0.393857161,NA,NA,0.037912568,0.096924204,0.12815287,43.1674793,8.401688647,NA,4,28056590.42,393582.8333,0,0.041666667,32339.2704,43472594.39
3,37005,143296,3.7006E+11,997.5454545,986.3636364,749.3636364,431.4545455,741.8181818,129.5454545,0.12637604,481.3636364,0.488407578,175.0909091,0.233655622,40.09090909,0.040034843,254.7272727,0.256759825,111.3636364,0.145556853,0.307391809,308.8310395,-44.50068294,0.099379247,21.84324538,0.268012548,NA,NA,0.049249745,0.046548646,0.046578007,42.31874165,7.133256471,NA,4,55190999.55,337730.8182,0,0,47686.76617,86083790.28
4,37007,143311,3.70079E+11,1331.894737,1235.210526,952.2105263,500.8421053,610.2105263,737.7894737,0.559590096,581.5263158,0.472147596,185.3684211,0.191649841,62.94736842,0.047940652,228.5789474,0.18561929,162.5263158,0.277760107,0.515868846,670.7667409,199.0081265,0.179558906,35.18456743,0.491192612,NA,NA,0.045261657,0.055233944,0.23587285,42.0935753,7.856333397,NA,4,72446217.74,768590.1579,0,0.052631579,48568.0052,109294567.9
5,37009,143331.5,3.701E+11,1217.545455,1202.318182,919.6363636,536.5909091,802.2272727,90.27272727,0.077346154,455.0454545,0.387932741,144.8636364,0.161379699,53.36363636,0.042770976,292.1363636,0.244919356,138.4545455,0.180897468,0.232639447,276.5605289,-154.6954411,0.092948069,20.980614,0.257356723,NA,NA,0.070518297,0.026908277,0.224960005,42.85610342,6.934823785,NA,4,50040990.55,367869.3182,0.045454545,0.090909091,50378.34945,78033330.09
6,37011,143350.5,3.70119E+11,1093.8125,889.4375,820.25,411.6875,885.375,137.6875,0.095126215,402.4375,0.458028791,145.3125,0.158249902,40.1875,0.037191683,231.25,0.24143489,132.4375,0.200441886,0.276577503,300.31922,-87.11039829,0.090340485,20.49581624,0.244119345,NA,NA,0.01639408,0.028834228,0.050771,42.75757173,6.909697599,NA,4,40037633.25,27830.3125,0,0,45198.04998,61461012.28
7,37013,143376,3.70139E+11,1349.8,1334.885714,963.2,552.1428571,740.8571429,461.4,0.385115949,572,0.467653519,119.6571429,0.131875701,65.48571429,0.047842385,308.8,0.233814244,140.5142857,0.216916636,0.426384734,519.7859405,41.68526169,0.155657769,26.63451284,0.359977143,NA,NA,0.156930039,0.217074993,0.277016011,39.17017557,7.163471364,NA,4,61565729.94,9684688.543,0.028571429,0.028571429,44564.02374,107704420.8
8,37015,143403.5,3.7016E+11,982.2,916.1,726.75,398.8,492.05,645.45,0.599233262,458.75,0.469975582,154.75,0.181052361,42.2,0.040881922,206.25,0.210517742,114.8,0.237598206,0.534604422,572.3330854,224.4367402,0.133979615,26.28007138,0.343410219,NA,NA,0.016108952,0.177176214,0.053201585,39.6872651,7.278513247,NA,4,90542929.4,5454406.8,0,0.05,61154.49534,147220912.7
9,37017,143429,3.7018E+11,1089.612903,1073.870968,779,450.5806452,576.6774194,493.9354839,0.457898049,556.0645161,0.52825222,154.7741935,0.191297748,57.90322581,0.058047815,217.8064516,0.207786365,86.12903226,0.161274256,0.493075135,530.2882368,144.3461204,0.142718576,29.93067002,0.417415024,NA,NA,0.025594423,0.181820486,0.163041695,39.0255203,7.724246027,NA,4,73093152.35,1064866.645,0,0.064516129,50571.62812,109751216.2
10,37019,143489.5,3.7019E+11,1409.555556,1397.633333,1101.2,602.5111111,966.3111111,257.1888889,0.148003531,435.1333333,0.297974444,105.8111111,0.093901925,58.94444444,0.036924173,413.1333333,0.317275318,32.61111111,0.040796311,0.222988987,348.2231018,-151.043062,NA,NA,NA,NA,NA,0.069348304,0.146806342,0.369278528,37.2089902,7.038490509,NA,4,24437610.74,5765756.8,0.022222222,0.111111111,26881.79144,44096242.27
11,37021,143611.5,3.7021E+11,1652.428571,1610.603896,1208.519481,695.4090909,789.5519481,270.7857143,0.16561525,542.2012987,0.355264246,109.0454545,0.092645696,83.55844156,0.051132938,313.5844156,0.188235635,182.8636364,0.259208487,0.260439748,414.2110993,-171.08096,0.252217489,27.2889952,0.350562716,NA,NA,0.170159994,0.23896088,1.471012348,43.01987386,7.345986374,NA,4,11041032.35,58070.14935,0.019480519,0.168831169,19188.70593,16829295.74
12,37023,143717.5,3.7023E+11,1546.758621,1500,1108.172414,597.7931034,708.4827586,283.5,0.161811114,630.1551724,0.40881246,211.3448276,0.199059038,73.68965517,0.046621978,296.4827586,0.204541957,157.8103448,0.228693475,0.285311787,468.8633218,-79.0003221,0.220373984,32.32983116,0.427160169,NA,NA,0.018509797,0.607367847,0.608486593,42.68885525,8.180605563,NA,4,22605980.66,357239.5862,0,0.120689655,27128.91989,34938538.05
13,37025,143793.5,3.7025E+11,2143.06383,2123.531915,1415.478723,769.1382979,830.7765957,710.8404255,0.337559748,597.0531915,0.327344501,141.5106383,0.124752422,137.6170213,0.064477692,273.9255319,0.142385141,148.5319149,0.244024833,0.332452124,657.1999501,-101.8756698,0.431151832,38.0291371,0.521915167,NA,NA,0.215837087,0.409993254,0.673638695,46.20573231,8.761143734,NA,4,9953213.702,74539.26596,0.010638298,0.127659574,15343.28005,15120860.28
14,37027,143871.5,3.7027E+11,1319.016129,1299.370968,947.6774194,525.7096774,612.0967742,163.983871,0.136234368,536.483871,0.436969155,192.1451613,0.205920057,66.72580645,0.050822817,249.4516129,0.194254395,141.2741935,0.254451922,0.286601762,354.1364431,-113.060554,0.205614815,31.33499519,0.410364358,NA,NA,0.020028869,0.798756962,1.463608277,42.81260329,8.063705312,NA,4,19712782.31,113522.629,0,0.225806452,23384.36474,30319498.49
15,37029,143905.5,3.703E+11,1741.166667,1741.166667,1209.833333,639.3333333,704.6666667,341.1666667,0.160312735,497.8333333,0.244030591,173.6666667,0.12930086,82,0.035152598,297,0.149956266,118,0.150640874,0.202171663,419.5,-197.2231925,0.154730711,23.8067874,0.30580797,NA,NA,0.016490846,0.140040033,0.092017046,40.84771656,6.815599726,NA,4,103741447,30185484.17,0,0,73406.07374,206828689.2
16,37031,143944.5,3.7032E+11,957.2222222,938.3194444,721.5972222,412.3611111,693.2083333,130.5,0.1250145,283.9583333,0.275443478,63.93055556,0.08136868,41.16666667,0.03641695,225.5138889,0.249143289,88.25,0.145798779,0.200228989,209.5188575,-129.5303307,NA,NA,NA,NA,NA,0.042450175,0.046422828,0.292400345,NA,NA,NA,4,18259669.93,29597977.11,0,0.041666667,30488.24599,71248256.5
17,37033,143989.5,3.70339E+11,1263.666667,1212.777778,926.2222222,506.1111111,598.7777778,490.7222222,0.389973614,467.7222222,0.397402112,190.2222222,0.20542034,58.77777778,0.041167082,255,0.204393945,143.3333333,0.22032932,0.393687863,495.2352123,47.64305711,0.175733684,30.89038106,0.405490476,NA,NA,0.038654448,0.090874091,0.11376247,42.59759085,8.08243525,NA,4,61205150.06,480215.6111,0,0,48318.56691,95389231.52
18,37035,144046,3.7035E+11,1649.778947,1620.684211,1138.610526,643.1473684,723.0842105,398.5789474,0.237640232,584.0210526,0.363752425,168.6736842,0.154662194,93.47368421,0.055794947,281.4631579,0.173772366,132.8421053,0.205388697,0.300696329,497.5845134,-86.7690461,0.275147186,35.7785578,0.457471674,NA,NA,0.043979867,0.716513889,1.544761474,44.06154891,8.792429936,NA,4,10942640.52,399422.3474,0,0.242105263,19163.29635,17219368.15
19,37037,144111,3.7037E+11,1994.028571,1970.657143,1458.885714,815.0571429,901.5714286,567.6857143,0.268479356,578.9428571,0.308017461,172.1714286,0.130778097,98.65714286,0.049665364,465.8857143,0.221602843,110.1428571,0.147342962,0.288248408,576.4734825,-129.8136812,0.21132811,33.67627615,0.457058104,NA,NA,0.030940689,0.39990107,0.144151368,42.77030372,8.350015709,NA,4,50446867.8,2018138.143,0,0.057142857,41599.77331,79732056.21
20,37039,144139,3.70399E+11,1317.52381,1299.666667,1011,566.4285714,862.0952381,115.0952381,0.079718214,534.5714286,0.413099382,138.6666667,0.148730406,53.76190476,0.036444196,372.2380952,0.292719876,98.76190476,0.125197743,0.246408798,329.2558494,-137.4125664,0.112721146,25.91319637,0.331035587,NA,NA,0.011506724,0.113982109,0.152789694,39.93142509,7.372454488,NA,4,56182578.76,1372616.381,0,0.095238095,50631.56321,86252274.21
21,37041,144156.5,3.70419E+11,1014.642857,991.0714286,750.3571429,427.4285714,521.5,407.8571429,0.328915036,431.2142857,0.359580709,120.1428571,0.138444946,47.42857143,0.036807045,237.2857143,0.203711708,135,0.203273468,0.344247872,424.20372,64.81607832,0.146493048,24.60909351,0.323056522,NA,NA,0.012155968,0.047797601,0.064463561,39.48394346,7.050079139,NA,4,31941423.5,11283297.29,0,0,37789.92895,66391123.26
22,37043,144167,3.7044E+11,1544.714286,1540.714286,1185.428571,723.1428571,1044.142857,97.14285714,0.054769154,673.8571429,0.430122204,136.8571429,0.123654006,57.28571429,0.040928665,453.1428571,0.284090337,128.4285714,0.125774108,0.242445679,386.4494364,-160.6901018,0.097035042,24.81826676,0.30907527,NA,NA,0.01250383,0.052764945,0.07688091,38.52372568,7.243752626,NA,4,79543501.14,2145393.571,0,0,60531.91445,122190902.7
23,37045,144209,3.7046E+11,1261.805195,1237.168831,863.0909091,478.987013,565.961039,340.1558442,0.288799947,562.4155844,0.459883672,138.3116883,0.169666406,69.98701299,0.055103407,226.2077922,0.1892872,116.2207792,0.213920414,0.37434181,454.6877758,7.754956025,0.273007028,36.1606563,0.474926818,NA,NA,0.10601782,0.397334221,0.617899445,43.77919829,8.83761431,NA,4,15614147.9,132462.9221,0.012987013,0.103896104,22651.29175,23713700.64
24,37047,144271,3.70479E+11,1197.723404,1131.87234,837.787234,474.5957447,558.5106383,487.1489362,0.396393777,544.1489362,0.475112494,154.5106383,0.172514017,59.9787234,0.047057611,229.6170213,0.205275425,116.0212766,0.219209027,0.435753136,530.8153479,106.5803704,0.149711951,30.14047174,0.418879936,NA,NA,0.038614054,0.069981617,0.316201735,37.60878099,7.551722786,NA,4,51695964.04,930300.9149,0.021276596,0.063829787,40543.60302,77242899.81
25,37049,144326.5,3.705E+11,1610.65625,1527.4375,1054,638.609375,732.984375,548.75,0.370253338,535.53125,0.379084555,124.328125,0.134666701,104.4375,0.063458789,289.734375,0.185656557,107.828125,0.198396822,0.374668946,547.6263628,-22.86989328,0.157092084,28.68125708,0.42309747,NA,NA,0.106926145,0.425298815,0.375924393,38.15875614,7.074984368,NA,4,28594956.03,2698672.063,0.015625,0.046875,28380.22141,46878667.87
26,37051,144456,3.7051E+11,1703.107692,1622.692308,1050.364103,638.0410256,747.8923077,953.6512821,0.561495061,676.5846154,0.432106129,97.44102564,0.100912627,130.3692308,0.071462133,191.2820513,0.123470787,75.18461538,0.127729507,0.496800595,828.0457354,224.8030744,NA,NA,NA,NA,NA,0.172371297,0.384888492,0.958489075,42.576372,8.496980645,NA,4,8667309.123,78378.02051,0.01025641,0.076923077,14382.8737,13079211.81
27,37053,144561,3.70532E+11,1719.733333,1707.466667,1218.533333,676.5333333,1037.133333,220.2666667,0.102720422,473.8666667,0.266934666,132,0.091369214,93.33333333,0.041771621,266.4,0.157217813,72.06666667,0.075461563,0.184827544,349.8125197,-259.318962,NA,NA,NA,NA,NA,0.016751439,0.092883594,0.046109971,NA,NA,NA,4,45227721.2,45668265.87,0,0,64336.66457,140467176.6
28,37055,144584.5,3.7056E+11,1116.90625,1110.53125,832.8125,482.53125,1078.59375,138.96875,0.088474375,323.46875,0.21529111,56.03125,0.050642835,52.40625,0.033578153,224.40625,0.159129129,87.46875,0.065855324,0.151882742,232.198638,-163.4108125,NA,NA,NA,NA,NA,0.007005027,0.164199515,0.215259717,NA,NA,NA,4,31017167.81,93766326.81,0,0.0625,54538.08167,189463000.5
29,37057,144654.5,3.70571E+11,1524.666667,1501.814815,1066.87963,606.212963,688.0648148,297.3703704,0.216773557,574.2407407,0.413418887,176.6851852,0.18121879,83.22222222,0.05200953,267.212963,0.180198022,125.6296296,0.203804236,0.315096222,442.1939267,-97.84472217,0.309751914,35.46590917,0.471102368,NA,NA,0.027097171,0.474505562,0.858832197,45.75723535,8.415621471,NA,4,13265849.85,346779.8981,0,0.111111111,20407.91119,20734270.16
30,37059,144721,3.70591E+11,1679.64,1666.84,1196.32,639.96,743.28,257.16,0.15259076,505.04,0.295704675,159.16,0.138186101,79.24,0.04207496,332.52,0.202154965,133.28,0.194917579,0.224147717,382.7131127,-212.2172652,0.262140798,33.62059323,0.446301331,NA,0.001438777,0.039966488,0.19717246,0.326045907,45.29172005,8.444351572,NA,4,27318711.92,295964.04,0,0.08,32458.76801,42204499.4
31,37061,144750.5,3.70611E+11,1737.117647,1717.117647,1174.588235,640.6176471,761.0588235,838,0.474239962,911.8823529,0.515268401,303.4411765,0.251293817,109.4411765,0.060856508,300.8529412,0.180331511,148.1764706,0.195595725,0.494754182,880.0032236,264.7141984,0.153593987,29.10694484,0.396030844,NA,NA,0.01889078,0.190924522,0.112233934,38.91912612,7.685799378,NA,4,62063540.79,417449.3824,0,0.029411765,48818.84982,93187524.87
32,37063,144844,3.7063E+11,2002.986928,1914.54902,1369,806.8235294,872.0849673,1157.013072,0.551357423,634.9934641,0.346462562,158.8888889,0.133826853,134.1895425,0.062501968,242.1960784,0.135583403,142.7320261,0.214640107,0.448909992,915.7598096,206.2995859,0.424339545,39.47396151,0.495446399,NA,NA,0.072952634,0.487670751,2.536191088,43.33127756,8.889866595,NA,4,4849070.105,193160.9346,0,0.254901961,11840.64193,7726970.507
33,37065,144944,3.7065E+11,1134.723404,1117.787234,778.2978723,454.7021277,530.7446809,722.0851064,0.650181904,569.2553191,0.520560098,158.2553191,0.204122541,66.85106383,0.058501001,208.2765957,0.197177562,141.4468085,0.285646149,0.585371001,649.2844275,247.3641209,0.210271403,29.79396353,0.390392773,NA,NA,0.015702364,0.602294967,0.44352947,41.06751136,7.849900245,NA,4,27852463.06,79027.80851,0,0.042553191,28704.80267,42671458.15
34,37067,145089,3.7067E+11,1529.106996,1486.316872,1022.518519,603.6419753,672.3539095,657.3209877,0.434803233,554.8148148,0.385706176,114.9588477,0.123580542,93.57613169,0.059994104,232.6419753,0.158756049,138.9711934,0.237433527,0.410254704,611.177177,69.56575844,0.32319878,35.65933445,0.451328572,NA,NA,0.027115581,0.454758521,2.802201904,45.62033064,8.323611129,NA,4,4346296.148,48495.03704,0,0.193415638,11063.3201,6750868.198
35,37069,145225.5,3.70691E+11,2163.4,2109.066667,1493.8,824.9666667,933.7333333,788.6,0.41599298,757.2,0.392650857,237.1333333,0.17316196,121.1666667,0.05503708,347.2333333,0.176923728,122.7333333,0.142873618,0.404321918,783.4804703,17.20175601,0.197550627,32.25460914,0.431555766,NA,NA,0.029152717,0.141926039,0.269618954,42.36211486,8.351385772,NA,4,42458568.57,239289.4,0,0.133333333,40874.07602,65509433.18
36,37071,145327,3.7071E+11,1251.936416,1234,862.4739884,471.0635838,530.5144509,337.6936416,0.292557408,468.150289,0.408361244,131.6936416,0.168061355,74.67052023,0.057841858,195.1271676,0.165367893,118.7572254,0.256564317,0.350459326,407.1872222,-36.25006508,0.375835399,39.66389933,0.518115833,NA,NA,0.333406657,1.089781877,1.696763968,44.64218096,9.068831382,NA,4,5325498.803,119233.5491,0.023121387,0.138728324,13072.56844,8191518.083
37,37073,145418.5,3.7074E+11,1156.3,1149,834.5,447.7,533.6,427.5,0.37502417,345.2,0.306456193,114.5,0.138569049,47.6,0.036366517,221.3,0.204091707,121.7,0.249542333,0.340740182,387.6701187,-21.89264234,0.150829534,26.09083924,0.340921658,NA,NA,0.022082794,0.057981329,0.071336883,39.87464588,7.206519096,NA,4,88218171.6,1329200.8,0,0,64364.25516,138657054.8
38,37075,145427.5,3.70759E+11,1069.625,1053,755.25,411,752.125,141.125,0.131598894,507.25,0.51021917,143.875,0.20654299,44.625,0.043692454,248.75,0.23191269,98.625,0.151454313,0.320909032,328.2875221,-50.57485643,0.085490476,22.7525996,0.294458906,NA,NA,0.015646146,0.056516473,0.073638165,41.10495523,7.178173918,NA,4,94523270.13,3132579.125,0,0.125,63864.26041,147122814.3
39,37077,145447.5,3.7078E+11,1839.8125,1752.84375,1293.0625,657.1875,752.15625,769.375,0.449020762,585.78125,0.357498259,203.8125,0.17857174,90.59375,0.04478424,297.46875,0.179251901,123.90625,0.222499297,0.403259511,696.1427766,44.47911893,0.227031379,34.50889116,0.454408829,NA,NA,0.30977144,0.235189875,0.820284433,42.89986936,8.461852783,NA,4,43057817.28,453239.125,0.0625,0.21875,36843.19448,67132497.39
40,37079,145470,3.708E+11,1616,1433.461538,1149.384615,558.3846154,639.6923077,857.3076923,0.508749705,696.4615385,0.443011438,297.6923077,0.257286389,82.15384615,0.049605346,245.7692308,0.148329311,117.3846154,0.176421923,0.475880571,804.7417579,232.3527396,0.157810479,28.32581674,0.373019368,NA,NA,0.018346811,0.066870622,0.094565147,40.92197345,7.861685606,NA,4,53142390.85,93645.30769,0,0,47917.44522,80468938.79
41,37081,145622.5,3.7081E+11,1793.089041,1734.383562,1194.034247,694.2842466,776.5171233,880.8184932,0.503248016,636.1678082,0.411890831,129.9041096,0.125435607,106.8356164,0.060994748,259.3835616,0.147613874,144.5171233,0.251878859,0.457569423,772.4189881,137.3048321,NA,NA,NA,NA,NA,0.014239096,0.683411452,3.479502355,45.49676997,8.297834489,NA,4,5728932.575,104180.5719,0,0.256849315,11907.42692,8948744.379
42,37083,145794,3.70839E+11,1014.45098,986.4901961,713.5490196,414.0392157,508.2156863,623.5294118,0.618961092,514.8431373,0.529112727,160.8431373,0.232268484,53.37254902,0.048723622,198.0980392,0.212415278,141.9803922,0.325546353,0.57403691,577.5869425,218.2672638,0.222804768,31.13998245,0.421763459,NA,NA,0.012602661,0.480751718,0.396172235,40.64638843,7.813897926,NA,4,36754266.25,331863.0784,0,0.039215686,32279.68082,57151700.45
43,37085,145850,3.70851E+11,2137.065574,2078.409836,1372.967213,739.1147541,839.8360656,816.9016393,0.387267907,826.8196721,0.40796647,187.4590164,0.146660131,160.7540984,0.067821996,252.6885246,0.139058627,119.2622951,0.167894141,0.397617189,834.1685323,77.2175014,0.212824879,34.21505004,0.480215911,NA,NA,0.031884113,0.262905819,0.170116635,42.33418005,8.512906484,NA,4,25264114.67,268315.6066,0,0.032786885,29421.34463,38483226.6
44,37087,145904.5,3.70879E+11,1259.020833,1242.833333,941.1458333,548.6666667,737.4583333,89.58333333,0.069749438,417.125,0.350170967,112.1458333,0.125024177,59.64583333,0.044320839,303.0833333,0.235663087,170.2916667,0.279944413,0.209960203,256.1732803,-189.7733155,0.130806346,22.33353332,0.284796279,NA,NA,0.263121311,0.5699182,0.239493789,43.09711724,7.09434411,NA,4,29869037.96,50801.625,0.041666667,0.041666667,29469.50435,45304973.92
45,37089,145964.5,3.70899E+11,1578.125,1558.75,1169.430556,670.5694444,790.8194444,264.8333333,0.171757838,485.0972222,0.330150842,118.6944444,0.109517665,76.79166667,0.047561942,395.8888889,0.253595349,111.0138889,0.146554084,0.25095434,379.219762,-179.7538887,NA,NA,NA,NA,NA,0.159313674,0.196367298,0.851795041,42.23842453,7.545073894,NA,4,13415068,76909.72222,0.013888889,0.152777778,21643.09271,20319337.53
46,37091,146010,3.7092E+11,1271.210526,1154.315789,880.5789474,468.3684211,559.5789474,846.0526316,0.676585588,552.7368421,0.494319828,183,0.211970491,58.42105263,0.04714758,238.5263158,0.194549276,124.4736842,0.249063852,0.585452708,730.2465071,279.9823083,0.155740475,27.98550147,0.366543947,NA,NA,0.01460722,0.085370025,0.243810926,39.84964548,7.400615242,NA,4,48141543.47,986179.9474,0,0.105263158,42400.03971,75903270.53
47,37093,146032,3.7094E+11,2129.56,2062.16,1364,708.88,828.36,1270.96,0.599106836,894.6,0.451999172,190.76,0.156219096,186.16,0.074422281,192.76,0.111687517,64.8,0.106805776,0.525553004,1096.949835,342.6572872,NA,NA,NA,NA,NA,0.075163949,0.690337081,0.126422152,42.44037258,8.237347728,NA,4,40416016.64,158293.84,0,0,31517.51079,60633208.68
48,37095,146047.5,3.70959E+11,898.8333333,793.5,642.6666667,294.8333333,541.5,369.1666667,0.26815016,344.1666667,0.309444475,118.1666667,0.124940049,46.66666667,0.031725413,147.8333333,0.120557095,72.33333333,0.082056314,0.288797318,385.0393162,66.6715382,NA,NA,NA,NA,NA,0.008852141,0.014589159,0.010797005,NA,NA,NA,4,264322561.8,365493493.8,0,0,151760.7356,950206956.9
49,37097,146106.5,3.70971E+11,1540.401786,1524.883929,1053.848214,582.5535714,650.3035714,365.9017857,0.247654762,452.4196429,0.32138448,116.2053571,0.123280627,85.83035714,0.055584986,234.3660714,0.156882919,96.66964286,0.176993378,0.284519621,412.0953414,-133.5167044,0.33445751,35.22766301,0.481688152,NA,NA,0.167157907,0.652739124,0.788862062,45.18092764,8.764579804,NA,4,13278118.27,537423.625,0.017857143,0.125,19971.20175,21050578.24
50,37099,146175.5,3.70999E+11,1625.230769,1478.538462,1037.653846,640.0769231,1041.269231,309.7692308,0.170130225,603.6923077,0.415821889,120.8076923,0.113295494,75,0.047414636,306.7692308,0.200669425,121.5769231,0.129654768,0.292976057,494.0606418,-81.59792535,0.103585596,22.44426703,0.285085619,NA,NA,0.061130664,0.136272207,0.160235909,40.21791948,7.084505663,NA,4,48930128.5,375165.0385,0,0.038461538,43113.56971,74167010.75
51,37101,146230.5,3.7101E+11,2275.857143,2252.440476,1505.416667,799.452381,877.202381,722.5,0.339850986,790.8690476,0.413019479,206.8214286,0.1686769,146.6309524,0.064005441,289.3571429,0.146252957,115.1428571,0.173316592,0.376435233,761.6580138,-44.45314699,0.263368236,32.23070014,0.445726525,NA,NA,0.025035707,0.413933796,0.237231568,41.76211188,8.473712218,NA,4,24396212.24,137658.1905,0,0.095238095,29534.58068,37114395.16
52,37103,146276,3.71039E+11,1385,1379.285714,1038.714286,591,708.2857143,522,0.35035799,711.2857143,0.521234976,191,0.185668666,61.85714286,0.044806866,293.2857143,0.204926206,154,0.22027435,0.435796483,618.1292458,127.5606874,0.129137671,28.38102458,0.416442805,NA,NA,0.030255525,0.07672506,0.067364237,38.41020644,7.287337221,NA,4,174405280.3,861689.2857,0,0,99962.26883,261941043.6
53,37105,146298,3.7105E+11,1625,1598.837838,1087.702703,587.6756757,661.1621622,681.7297297,0.437212495,654.8378378,0.426289195,180.0810811,0.183845187,104.8918919,0.065091654,256.7027027,0.15862515,113.4864865,0.190759683,0.431750845,675.1210515,99.54422306,0.237511933,34.57776784,0.56858178,129.5365173,NA,0.024198807,0.329978236,0.985955832,42.39777801,8.334646639,NA,4,17854254.27,289872.6757,0,0.216216216,22462.51195,27419126.2
54,37107,146340,3.7107E+11,1217.595745,1190.595745,847.1276596,491.9361702,586.1702128,615.5957447,0.559056298,572.212766,0.514360669,165.9574468,0.215930983,69.74468085,0.059183338,233.106383,0.192466478,163.9787234,0.31277669,0.536708484,600.3022037,169.0284209,0.191748666,28.7984964,0.397314335,NA,NA,0.018016999,0.409177821,0.244727603,40.11525913,7.688266389,NA,4,21992128.11,125538.3191,0,0.085106383,26119.30007,33230534.06
55,37109,146388.5,3.71091E+11,1628.82,1612.02,1157.94,640.44,704.54,243.36,0.153579217,564.78,0.379208695,167.14,0.152927756,82.28,0.053963948,275.22,0.170272884,100.84,0.17838677,0.266393956,407.8475165,-169.0823602,0.270663136,35.37423192,0.468881959,NA,NA,0.040408049,0.531194443,0.712079109,44.62357648,8.937223612,NA,4,15324507.88,467293,0,0.16,22803.17055,23870413.9
56,37111,146429,3.7112E+11,1455.129032,1420.548387,1051.322581,579.3870968,687,182.1612903,0.132209382,604.5806452,0.430090016,170.4193548,0.168200488,63.61290323,0.039287953,283.7096774,0.205683309,145.6774194,0.21931611,0.281149699,401.6875705,-113.7207701,0.180494299,27.7375727,0.356747477,NA,NA,0.027711393,0.227030763,0.401356129,42.49923127,7.532774392,NA,4,36757339.58,450867.1613,0,0.129032258,37512.13583,56516677.95
57,37113,146458.5,3.7114E+11,1228.928571,1219.285714,924,560.6785714,912.75,131.5714286,0.105427009,453.8928571,0.38402766,104.9285714,0.119324341,60.10714286,0.049912629,344.75,0.281985172,146.1785714,0.170151792,0.244727335,294.2633308,-141.024552,0.107280142,24.04551917,0.308323499,NA,NA,0.023084511,0.260527917,0.04351834,37.77120315,7.115526134,NA,4,47691305.07,378294.1786,0,0,42171.37135,72066349.02
58,37115,146480.5,3.7115E+11,1337.8125,1271.0625,953.5,528.25,680.75,79.0625,0.055802115,489.9375,0.396675516,139.3125,0.15180438,59.75,0.043718743,280.375,0.218459396,153.9375,0.237396737,0.226238815,294.0972891,-179.7574037,0.122930826,23.88297485,0.302917245,NA,NA,0.033400503,0.111406177,0.275399393,43.80217333,7.177182411,NA,4,72781107.56,302547.6875,0,0.0625,55825.63899,111497893.9
59,37117,146499,3.7118E+11,1097.809524,1088.761905,788.952381,451,552.7619048,526.2380952,0.520075244,463.4285714,0.443938669,131.7619048,0.167172623,58.71428571,0.051214867,239.5238095,0.235274738,161.952381,0.297901548,0.482006957,496.8405848,107.9952162,0.157084191,26.69858856,0.352675298,NA,NA,0.031709454,0.17037817,0.038278323,40.0285258,7.372141279,NA,4,56292150.57,35552.85714,0,0,48085.93977,85902874.94
60,37119,146787,3.7119E+11,1899.664865,1872.104505,1269.187387,727.1099099,785.2162162,1001.046847,0.508843567,553.1171171,0.302822218,125.9117117,0.102858546,128.7207207,0.065221932,202.1927928,0.113343881,85.37117117,0.13903627,0.405832892,780.2089769,107.3455442,NA,NA,NA,NA,NA,0.067862546,0.665084853,2.905625076,45.63925907,9.053601815,NA,4,2443328.153,105115.9279,0.001801802,0.178378378,8468.601913,3829650.412
61,37121,147071.5,3.7122E+11,1074.285714,1043.857143,795.4285714,454.3571429,629.4285714,81.64285714,0.074174703,367.3571429,0.351735011,122.9285714,0.173587533,47.78571429,0.038008121,257.7857143,0.252453081,167.7857143,0.28102585,0.212954857,229.5586046,-150.9546042,0.1149883,22.1944122,0.272008105,NA,NA,0.020664862,0.044791332,0.202594259,42.99487035,6.937167718,NA,4,40931455.86,116285.2143,0,0.071428571,44699.65595,62867433.27
62,37123,147089.5,3.7124E+11,1242.636364,1193.090909,863.3181818,473.2272727,737.9545455,456.4545455,0.352599146,526.7727273,0.454565957,178.7727273,0.205784097,68.77272727,0.048616267,238.9545455,0.205571502,155.7272727,0.249096869,0.403582551,513.8405329,73.69733469,0.169863138,34.8180688,0.497446388,NA,NA,0.024453482,0.294644608,0.137448733,42.48438381,7.548111681,NA,4,57865566.36,1178178.227,0,0.045454545,47457.8416,88913634.84
63,37125,147129,3.7126E+11,1677.701754,1657.122807,1212.912281,683.5964912,818.2105263,382.5964912,0.245041873,482.3333333,0.322523669,116.3684211,0.11253872,94.0877193,0.055886762,398.2105263,0.231623885,110.122807,0.169906847,0.283782771,435.6780465,-158.5658027,0.183045417,35.46155622,0.480665615,NA,NA,0.227353908,0.175092299,0.206823936,42.23749293,7.873791876,NA,4,31701356.6,363524.1228,0.052631579,0.052631579,31083.2857,48260569.47
64,37127,147190,3.7127E+11,1446.2,1415.492308,994.6615385,564.9230769,659.6307692,717.6461538,0.519988605,506.5538462,0.390174232,145.2153846,0.1613644,81.32307692,0.052936866,250.6769231,0.185933407,125.0153846,0.216118924,0.455081419,617.7099493,105.464282,0.259709708,31.13754143,0.414148671,NA,NA,0.014516391,0.474308535,0.766062567,41.45325828,8.07064494,NA,4,21534458.66,95043.47692,0,0.138461538,25404.85586,33088915.93
65,37129,147282.5,3.7129E+11,1868.591667,1811.108333,1272.225,780.3,910.3666667,428.1333333,0.234301336,627.8333333,0.361781604,89.73333333,0.074030773,94.28333333,0.047640659,311.8916667,0.164326348,132.4166667,0.198071505,0.29804147,543.1824198,-118.6748511,NA,NA,NA,NA,NA,0.128909967,0.463803821,2.505345092,NA,NA,NA,4,4148353.517,2949491.433,0.008333333,0.241666667,12658.68393,10397404.35
66,37131,147353.5,3.71319E+11,917.5454545,876.8181818,683.1363636,392.1818182,530.4545455,562.7727273,0.586459461,420.3181818,0.466272674,140.3636364,0.193433138,42.09090909,0.046246074,222.7727273,0.259616635,140.7727273,0.298906004,0.526366067,504.4647935,179.4691611,0.167107751,29.46245935,0.38958335,NA,NA,0.012196882,0.22838202,0.146643091,40.25517579,7.667404682,NA,4,63177177.32,1637540.136,0,0.045454545,51636.37758,100291031.2
67,37133,147412.5,3.7133E+11,2019.916667,1806.270833,1074.791667,667.34375,817.71875,678.0625,0.336348179,716.0208333,0.399053857,94.21875,0.094433545,182.7291667,0.084785791,174.96875,0.104054585,67.39583333,0.113832257,0.367701018,726.9244888,11.4677326,NA,NA,NA,NA,NA,0.286745662,0.197093185,0.633431223,NA,NA,NA,4,20556434.89,3864819.188,0.020833333,0.083333333,23390.83834,36225054.34
68,37135,147498,3.7135E+11,1905.84,1757.186667,1185.906667,700.3866667,766.6933333,584.1866667,0.304025906,507.92,0.305627688,86.37333333,0.073711677,87.90666667,0.042600977,244.8533333,0.13079136,98.25333333,0.142452565,0.304826797,576.5700227,-98.48064979,0.343528094,36.04644466,0.476722069,NA,NA,0.040670809,0.142610188,1.700971348,43.06996313,8.642183257,NA,4,13728066.2,118333.24,0,0.093333333,18513.2471,21232346.4
69,37137,147542,3.7138E+11,980.1538462,923.6153846,764.9230769,411.6923077,593.9230769,252.6153846,0.25052233,365.2307692,0.380860977,91.69230769,0.113347057,35.61538462,0.034041305,275.6153846,0.258679884,96.30769231,0.161689133,0.315691653,322.7673384,-24.40425676,NA,NA,NA,NA,NA,0.039207659,0.156261475,0.124818994,NA,NA,NA,4,67041198.54,44851672.15,0,0.076923077,57417.71985,167753223
70,37139,147561.5,3.714E+11,1518.423077,1424.807692,1031.307692,568.4615385,658,685.8076923,0.467739125,537.5769231,0.406174846,139.4230769,0.141481429,95.61538462,0.070140116,244.8846154,0.172547688,160.9230769,0.31534397,0.436956986,624.2672967,86.44013435,0.209815414,24.66018489,0.321389256,NA,NA,0.017189212,0.65990225,0.720706116,40.29246192,6.873826554,NA,4,22600632.73,6220967.923,0,0.115384615,24384.92089,44424125.64
71,37141,147590.5,3.71419E+11,1844.375,1804.75,1299.9375,680.1875,893.78125,465.0625,0.240933212,569.46875,0.309013953,162.15625,0.121001848,104.65625,0.047284471,323.09375,0.180994198,87.90625,0.11462612,0.274973583,523.4460257,-129.8336746,NA,NA,NA,NA,NA,0.036057435,0.092090849,0.127454391,NA,NA,NA,4,70520162.13,5088548.938,0,0.03125,51381.07429,111633039.8
72,37143,147612.5,3.71439E+11,1121.583333,1107.833333,842.8333333,493.25,594.6666667,312.9166667,0.243810098,423.6666667,0.326505052,113.4166667,0.119268375,51,0.040286128,298.5833333,0.193767504,96.5,0.143252662,0.285157575,371.1531963,-26.11288239,0.14477123,23.80004565,0.306040104,NA,NA,0.012246907,0.224873212,0.075360732,39.66934706,6.968614041,NA,4,53341639.58,17652458.08,0,0.083333333,47811.22818,109183126
73,37145,147631.5,3.71459E+11,1511.730769,1489.307692,1074,605.5384615,708.7692308,508.3461538,0.352928636,557.1153846,0.389714953,146.6538462,0.150279342,79.19230769,0.050308819,277.9615385,0.204003999,150.9230769,0.238061685,0.371321795,537.5622272,2.10548774,0.196098861,31.66348259,0.414418731,NA,NA,0.185567328,0.292936851,0.28197182,42.80024568,8.243473014,NA,4,39082366.77,1200720.038,0.038461538,0.038461538,31776.67478,62288065.12
74,37147,147692.5,3.7147E+11,1847.625,1776.145833,1113.427083,720.5104167,818.3645833,837.21875,0.451841297,775.5520833,0.459055319,117.9479167,0.112428993,108.7604167,0.054921148,228.53125,0.134931489,89.69791667,0.166688112,0.455448308,821.986073,167.555219,0.240786927,29.04833684,0.392650859,NA,NA,0.036455741,0.278462755,1.401748856,40.68699575,7.640994726,NA,4,17600209.34,85915.04167,0,0.177083333,21208.88127,26805214.97
75,37149,147746.5,3.71499E+11,1704.833333,1679.083333,1316.916667,753.9166667,972.8333333,242.9166667,0.138384094,547,0.318024645,119.4166667,0.089267294,56.5,0.031360315,501.3333333,0.305365566,223.6666667,0.226595119,0.228204369,398.8701804,-204.9837046,0.194213128,30.18074587,0.389244344,NA,NA,0.054191449,0.067693322,0.065430099,42.61663965,8.065377735,NA,4,51300526,163669.5833,0,0,47430.43604,77398465.43
76,37151,147795.5,3.7151E+11,1662.302326,1641.639535,1146.860465,651.6395349,722.6395349,343.1627907,0.209979131,655.4651163,0.410482291,213.1976744,0.193280118,94.1627907,0.056794915,281.5465116,0.173845242,126.9302326,0.186889617,0.310230711,504.3060961,-84.48325804,0.261552036,34.46270679,0.453198694,NA,NA,0.01595743,0.33723267,0.950113762,44.24612614,8.098257503,NA,4,23560417.6,230245.314,0,0.139534884,27449.77911,36162185.95
77,37153,147859,3.7154E+11,1102.170732,1064.341463,745.6097561,452.3414634,521.4634146,470.4390244,0.41900496,522.1219512,0.504621277,147.195122,0.196422318,67.7804878,0.063092034,187.6097561,0.170337863,122.902439,0.260327436,0.461813118,504.4139567,114.0238433,0.201459327,35.34499419,0.499284649,138.3595155,NA,0.109754706,0.412651976,0.318664914,41.82070129,7.775240034,NA,4,29924064.68,378975.3659,0.024390244,0.024390244,26139.20445,45271555.23
78,37155,147923.5,3.7156E+11,1516.386364,1475.238636,973.3863636,522.375,603.0113636,1129.886364,0.73012599,808.3068182,0.556222166,223.2613636,0.233393393,102.6931818,0.069757008,215.3977273,0.146558311,109,0.203576706,0.643174078,980.2410465,443.1352903,0.220405003,32.47017876,0.457572862,NA,NA,0.024348766,0.548380424,0.315980724,40.7896415,8.097867923,NA,4,27879951.05,57686.29545,0,0.056818182,30367.81234,41372112.84
79,37157,148002,3.7157E+11,1322.753623,1301.724638,948.7536232,539.1449275,637.3478261,363.6086957,0.267140384,528.5652174,0.410122587,165.1304348,0.174799872,68.1884058,0.049273622,256.6376812,0.20210497,196.7536232,0.313645233,0.338631485,450.298401,-18.22242075,0.213409664,31.89095653,0.413966144,NA,NA,0.021662653,0.545776981,0.722823421,43.40692182,7.93598671,NA,4,21231594.68,267556.8261,0,0.15942029,27001.80409,33248252.72
80,37159,148083.5,3.71591E+11,1485.159574,1440.297872,1019.744681,556.393617,652.4361702,410.0744681,0.289237016,552.0212766,0.388225367,150.1914894,0.151123878,83.77659574,0.054007575,249.5319149,0.175323491,175.2340426,0.292828838,0.338731192,490.9233476,-35.12184481,0.353049737,36.59263384,0.492356446,NA,NA,0.121167003,0.524358634,0.84194379,45.84296269,8.610600867,NA,4,14092801.31,342931.883,0.010638298,0.127659574,19003.38319,21903894.8
81,37161,148156.5,3.7162E+11,1279.461538,1255.884615,912,506.6346154,659.1346154,211.9038462,0.172186708,530.8269231,0.427862535,158.5576923,0.175392404,65.25,0.046546697,264.5192308,0.218907212,163.6923077,0.265177779,0.300024622,377.0244271,-76.16228952,0.216217541,34.06881206,0.450787664,NA,NA,0.030520071,0.448272882,0.525531772,43.01236829,8.377364031,NA,4,28163004.79,90245.92308,0,0.096153846,28997.41498,42619729.58
82,37163,148205,3.7164E+11,1412.466667,1392.755556,944.8222222,523.0444444,613.5555556,688.7111111,0.500489239,668.5777778,0.488178266,210.9333333,0.217087584,90.91111111,0.062408745,241.4666667,0.176844446,120.4444444,0.209076029,0.494333753,683.7422499,183.4449672,0.163186339,30.51231939,0.413777533,NA,NA,0.024504754,0.34267322,0.242341677,40.44052825,8.094000865,NA,4,54430165.2,109418.3556,0,0.022222222,43645.13383,81452028.04
83,37165,148241,3.7165E+11,1306,1208.333333,876.8148148,485.6666667,566.4814815,736.5185185,0.574341026,626.5185185,0.549498551,176.7037037,0.199735716,81.55555556,0.062624605,220.7407407,0.177845593,121.2222222,0.247946327,0.561919789,702.2287733,239.6421037,0.195672715,35.15641065,0.499132683,NA,NA,0.030816195,0.302408594,0.283372275,41.85258736,8.046122511,NA,4,30613706.48,142295.7407,0,0.111111111,28346.41963,45765283.92
84,37167,148277.5,3.71679E+11,1328.565217,1286.326087,927.2826087,515.5869565,600.826087,254.4565217,0.207038638,472.6521739,0.390253625,138.2391304,0.151916919,74.76086957,0.05447396,244.3913043,0.188420147,185,0.344852088,0.298646132,371.7971237,-98.78217118,0.251566297,38.86160475,0.498289689,NA,NA,0.031207508,0.309971589,0.194528941,43.95999514,8.056565991,NA,4,22247183.89,548755.4565,0,0.065217391,26219.20953,34310975.78
85,37169,148316,3.71691E+11,1480.806452,1462.870968,1083.935484,622.6451613,715.6774194,129.7419355,0.093901446,493.3225806,0.348244317,178.3548387,0.173940592,66.16129032,0.043510663,293.483871,0.20795732,115.2258065,0.164852194,0.221072882,314.8444187,-209.6588926,0.176468675,29.92433062,0.378424589,NA,NA,0.024554835,0.092217573,0.325799192,43.85663626,7.818871363,NA,4,37514194,567236.871,0,0.064516129,39602.69623,58901444.98
86,37171,148361,3.71719E+11,1222.016949,1204.677966,858.9322034,491.2711864,576.779661,192.8983051,0.153980074,512.8474576,0.421732518,186.3559322,0.214000638,62.88135593,0.05045109,240.4915254,0.201895572,137.5762712,0.23097666,0.287856296,357.2810246,-75.55875386,0.187499974,28.03075219,0.363457328,NA,NA,0.032553165,0.427293179,0.179328662,42.81761713,7.638204807,NA,4,23430268.9,175213.4068,0,0.050847458,29707.95268,36523191.81
87,37173,148396.5,3.7174E+11,1187.833333,1171.75,821.4166667,453.5833333,745.9166667,448.8333333,0.291156456,559.75,0.420564153,178.4166667,0.204069172,74.83333333,0.04973617,227.5833333,0.192927101,107.25,0.148267373,0.355860304,508.1536872,87.421784,NA,NA,NA,NA,NA,0.028924486,0.043052144,0.201269955,40.71103159,7.311666637,NA,4,113900871.5,2701347.25,0,0.083333333,64159.96593,176258315.2
88,37175,148415,3.7176E+11,1340.52,1298.76,1014.6,564.92,782.4,129.96,0.084742912,501.16,0.397149906,116,0.117778563,56.4,0.04337018,389,0.288097633,145.44,0.223642797,0.240946409,323.8428674,-150.970825,0.101962685,24.20717825,0.298856359,NA,NA,0.036143224,0.207022734,0.768332042,41.13817258,7.122075521,NA,4,39205659.76,204405.56,0,0.2,38617.02823,59158429.28
89,37177,148430,3.7178E+11,823.8,685,660.8,326.2,445.8,384.4,0.384380574,352.2,0.408449967,161.8,0.20181076,23.4,0.024354493,175.2,0.17947837,127.8,0.231184523,0.39641527,384.6712821,92.8803951,0.129352583,23.23082072,0.295012343,NA,NA,0.009602298,0.138971332,0.034739653,38.95504706,6.717312082,NA,4,202420783.8,106914890.4,0,0,99363.75612,472064660.5
90,37179,148484,3.7179E+11,2200.912621,2173.048544,1398.407767,729.7572816,773.2427184,603.223301,0.278619419,518.3592233,0.26687656,142.4757282,0.116486957,129.0776699,0.056877107,264.7475728,0.128758736,67.33980583,0.106787851,0.272747989,566.8866458,-212.6790811,0.336124825,36.75110162,0.506246588,NA,NA,0.050049336,0.345943344,1.010518144,43.77941147,8.611827972,NA,4,15909267.83,174911.4563,0,0.194174757,20752.71338,24018825.23
91,37181,148552,3.7182E+11,1347.939394,1324.242424,907.1212121,510.7272727,609.6060606,808.5151515,0.660342144,661.1212121,0.537060739,181.7575758,0.218364966,83.75757576,0.070880518,234.7272727,0.173922465,133.5151515,0.264207508,0.598701441,740.7815885,263.3399385,0.231268308,33.08214539,0.433966887,NA,NA,0.053054379,0.351350001,0.601298435,42.1056791,8.223186193,NA,4,19809333.97,1278306.939,0,0.060606061,23628.93888,32586050.87
92,37183,148796,3.71831E+11,2300.127473,2251.035165,1527.213187,858.2373626,926.210989,912.8813187,0.373277686,527.2527473,0.25152205,110.9472527,0.077804029,145.9098901,0.058451534,250.2241758,0.124259054,65.79340659,0.100774699,0.312399868,727.1954639,-87.512275,0.429324674,36.51520062,0.494314661,NA,NA,0.127167325,0.222856931,2.048479599,43.24921118,8.914698908,NA,4,4752041.589,127631.1956,0.006593407,0.162637363,11247.36874,7431963.107
93,37185,149031,3.7186E+11,1335.533333,1271.866667,961.1333333,518.6666667,796.5333333,823.8,0.575485779,581.4666667,0.437854599,187.5333333,0.188686246,57.13333333,0.044450487,315.7333333,0.248803711,144.3333333,0.206628874,0.506670189,716.6377259,243.5903164,0.169238354,30.93599751,0.411059128,NA,NA,0.023064707,0.045572863,0.042719487,41.31524379,7.980442502,NA,4,74094195.93,2621338.933,0,0,55853.22556,118641479.2
94,37187,149046,3.7188E+11,810.4,797,559.0666667,338.2,430.5333333,450.1333333,0.497598959,385,0.44048986,112.2,0.180067603,42.4,0.047057276,184.9333333,0.22285736,97.13333333,0.205078515,0.46904441,418.3382791,131.2936872,0.133311556,24.87767362,0.332571928,NA,NA,0.018353096,0.302554652,0.051223574,39.13543325,7.030488515,NA,4,59830413.53,13018813.33,0,0,45613.67273,111088117.5
95,37189,149069,3.71899E+11,1745.709677,1560.290323,999.483871,656.6129032,1081.290323,141.6774194,0.080922385,685.9032258,0.414043876,104.6129032,0.099452589,57.67741935,0.038055165,264.516129,0.177381988,135.3548387,0.141399524,0.24748313,482.2409195,-136.0914125,0.124267842,21.94131822,0.267241429,NA,NA,0.025480489,0.027453745,0.435638278,42.88532009,6.975358396,NA,4,26101948.94,75234.16129,0,0.064516129,35324.13473,40313310.08
96,37191,149122,3.7191E+11,1653.36,1608.586667,1094.733333,642.04,720.9866667,764.8266667,0.484791552,722.3066667,0.465634624,174.0133333,0.171734429,111.1733333,0.063421143,257.6266667,0.163793853,123.1733333,0.208093328,0.475213088,752.3040413,166.6820689,0.208782789,31.65313132,0.419734303,NA,NA,0.013158771,0.189193663,0.540428912,41.0168935,8.147967635,NA,4,19128510.16,131402.5467,0,0.053333333,24325.8453,29025849.11
97,37193,149186,3.7194E+11,1291.698113,1271.490566,925.7924528,535,631.6981132,160.754717,0.12670923,549.6226415,0.433596784,198.5283019,0.217278445,64.24528302,0.046220239,264.2830189,0.208918162,122.6792453,0.213925976,0.280153007,359.9628801,-97.55804504,0.151596145,27.88876688,0.364730474,NA,NA,0.036488529,0.685846499,0.329425486,42.38773767,7.707808806,NA,4,36872636.89,129479.8679,0,0.075471698,36349.71398,56948214.72
98,37195,149240,3.7195E+11,1478.836364,1450.436364,1004.581818,584.1454545,654.6363636,780.9090909,0.570644581,632.2545455,0.49340988,197.8181818,0.227993017,87.72727273,0.054336931,251.0727273,0.175832913,146.3272727,0.271390307,0.532027231,715.1184913,191.3129873,0.259196519,31.51646613,0.413307855,201.722233,NA,0.014350935,0.955663327,0.604238484,41.58397219,8.106570989,NA,4,17309323.36,260594.3636,0,0.127272727,21296.15844,26702991.31
99,37197,149281.5,3.71971E+11,1345.178571,1332.5,951.1785714,551.7142857,621.4642857,209.2142857,0.150666641,556.3214286,0.428269439,180.4285714,0.18439632,70.71428571,0.053500905,257.4285714,0.193809244,145.6785714,0.249835355,0.28946804,385.4221595,-91.04160414,0.208637337,30.39726425,0.404487262,NA,NA,0.12792135,0.17458549,0.197508878,43.6250356,8.100779493,NA,4,30982003.71,258306.9286,0.035714286,0.035714286,32201.20425,48024718.12
100,37199,149302,3.72E+11,1359,1346.846154,1009.153846,569.3846154,862.3846154,100.5384615,0.074976965,610.1538462,0.452580365,159.6923077,0.156183167,63.53846154,0.045045343,336.8461538,0.249638029,170.3076923,0.213262064,0.263778665,358.0441465,-123.3151827,0.096330231,21.61371135,0.26684101,NA,NA,0.028564969,0.042111638,0.357701142,43.5821731,6.937256929,NA,4,62277694.38,117273.9231,0,0.153846154,54798.25475,95288562.89
